{
    "name": "choisugil",
    "age": 40,
    "point": [ 30, 40 ],
    "vector": [ 1.20000005e+00, 4.50000000e+00, 3.14000010e+00 ]
}
